class,TFRC,CD26,MIG6,GAPDH,INPP4B,FOXM1,NF2,ACVRL1,IGFBP2,X4EBP1
1,-0.56995,0.061089,-0.016057,-3.9351,-0.3148,-0.22015,-0.39952,0.14578,-0.47945,0.74123
1,-1.1549,0.17612,0.71603,-1.32,1.4567,-0.96107,0.44212,-0.1272,1.4349,-0.069574
1,-1.3962,-0.062116,0.5488,-1.8138,0.91732,0.16204,0.27269,-0.10357,-1.3347,0.18692
1,-0.02692,-0.03001,0.11425,-2.4262,0.49579,-0.065055,0.5743,-0.17611,0.42563,-0.61891
1,-0.3359,0.69174,0.19018,-1.4409,0.34542,-0.29838,0.11398,0.25278,-1.0819,-0.65859
1,0.1722,0.54125,0.80635,-0.97542,3.2097,0.030616,1.5007,-0.27943,-1.1512,0.23202
1,-0.4744,0.46499,0.012095,-1.4336,0.75462,-0.47599,-0.20263,-0.28662,-0.33019,-0.57916
1,-0.89575,0.99002,0.19449,-2.9725,-0.25464,-0.74513,-0.24733,-0.0085902,-0.80559,-0.22308
1,0.066283,-0.40412,0.79485,-3.3644,-0.005916,-0.26233,0.33173,-0.24511,-0.225,-0.080657
1,-0.23399,-0.069347,0.25473,-1.7297,0.20777,-0.38709,0.22831,-0.057317,0.53228,-0.32165
1,-0.38486,0.535,0.25275,-1.1821,-0.48013,-0.54185,-0.29639,-0.015047,-1.074,-0.46276
1,-0.32933,-0.06775,0.58712,-1.4953,1.6641,-0.69558,-0.065083,-0.066039,0.36735,-0.26802
1,-0.23818,0.092775,0.074016,-2.8971,0.8142,-0.55004,-0.031412,-0.15836,-0.25145,-0.43827
1,-0.36083,0.028635,0.5486,0.24391,2.2331,-0.90198,0.74672,-0.18711,-0.91783,-0.1526
1,-0.73041,-0.15959,0.020206,-2.6477,0.74153,-0.42587,-0.30893,-0.25567,1.9912,-0.1477
1,-0.47789,-0.071217,0.10441,-2.9571,1.2074,-0.5822,-0.41737,-0.11373,-0.81435,-0.3882
1,1.3579,0.073783,0.1282,-1.0119,2.6907,-0.29656,0.84417,-0.39148,-1.5169,0.9881
1,-1.1987,0.2238,-0.052732,-2.1665,-0.12509,-0.81418,-0.15522,-0.068123,0.13641,-0.55643
1,-0.75195,0.2933,1.5758,-2.5462,-0.086878,-0.4982,1.0384,-0.18241,-1.0553,-0.21767
1,-0.97577,-0.28265,-0.036144,-3.764,2.3645,-1.1813,0.11635,-0.11033,-0.95932,-0.85354
1,-0.65099,-0.07789,0.15018,-2.8488,0.58819,-0.66883,-0.19536,-0.18477,-0.3228,-0.13758
1,-0.33757,-0.14695,-0.032543,-5.1709,-0.095127,-0.18272,-0.1917,-0.11093,0.11326,0.50786
1,-0.14304,-0.30099,0.25916,-1.7234,-0.33051,0.40807,-0.20024,-0.11485,-0.47764,-0.383
1,-0.041391,-0.19017,-0.10448,-3.1565,1.7755,-0.55828,-0.72269,-0.17081,-0.62126,-0.0019911
1,-0.061722,0.63584,0.30681,-2.117,0.40095,-0.21526,0.80862,-0.14789,-0.21899,-0.32652
1,0.18698,-0.21834,0.18829,-3.8804,0.39252,-0.55,-0.46205,0.026933,-1.0196,-0.58967
1,-1.5192,-0.24401,-0.12963,-3.0715,2.4851,-1.1088,0.040107,0.02388,-0.87663,-0.50873
1,-0.050136,-0.031669,0.54877,-1.3975,1.213,-0.11696,0.050758,-0.22273,-0.17817,0.068767
1,-0.53036,0.0078018,0.44504,-3.3638,2.5847,-0.58424,0.10849,-0.25203,-0.45798,-0.065064
1,-0.63294,-0.2607,0.015935,-1.9308,0.39425,-0.62819,0.52819,-0.077384,-0.85191,-0.27127
1,-1.1557,0.31718,0.02717,-1.4045,0.24444,-0.2773,-0.7518,-0.043592,0.45553,0.81946
1,-1.5262,0.052502,0.090403,-3.8087,-0.52162,-0.37418,-0.96372,0.12224,0.22073,0.071928
1,-1.1172,-0.27408,-0.13747,-3.061,-0.20812,-0.46891,0.087636,-0.012408,0.76806,0.19849
1,-0.4109,-0.024915,0.21503,-2.5449,1.233,-0.32662,-0.29967,-0.018159,-0.54653,0.12544
1,-0.25975,-0.081539,-0.020801,-4.2549,0.47209,-0.58898,-1.0723,-0.14331,-1.4851,0.62318
1,-0.65803,-0.12036,0.039822,-3.17,0.42096,-0.3713,-0.31941,-0.10558,-0.53585,-1.2162
1,-0.070748,0.084268,0.46144,-3.4955,0.28832,-0.22085,0.17345,-0.22118,-1.0481,-0.31469
1,-1.2671,-0.16385,0.13498,-2.1881,1.0705,-0.049985,-0.078935,-0.17834,0.928,-0.26316
1,-0.71606,0.056531,-0.022689,-3.793,0.047525,-0.68657,-0.2369,-0.15651,0.20769,-0.4722
1,-0.72305,1.229,0.92602,-1.3292,1.6038,-0.25752,-0.24617,-0.15605,-1.1635,-0.053819
1,-1.4291,-0.026511,0.047797,-4.8562,0.15379,-0.81797,-0.308,-0.078416,-0.3112,-0.84008
1,1.0879,-0.12588,0.33047,-2.3553,1.3884,-0.64447,0.056438,-0.15455,-0.19728,0.24344
1,-0.59333,-0.15258,0.07437,-3.4712,0.43285,-0.58137,-0.15319,-0.18449,1.9492,-0.61865
1,-0.3114,0.059774,0.15909,-2.5136,-0.30586,-0.19279,0.50946,0.011918,-1.076,-0.35787
1,-0.8899,-0.4158,0.13556,-2.8907,0.16385,-0.49159,0.058986,-0.26662,-0.95639,-0.47788
1,-0.61889,0.3919,0.2091,-2.0875,0.19388,-0.89768,-0.035427,-0.11427,-0.66387,-0.55744
1,-0.0023392,-0.0034044,0.57207,-3.3588,1.1936,-0.36513,-0.49489,-0.091943,-0.69807,0.043963
1,0.1871,0.23931,0.63073,-0.16001,1.3358,-0.33993,0.42134,-0.12016,-1.7888,0.37838
1,-0.56281,-0.007563,0.53466,-2.8189,3.1997,-0.86537,0.70047,-0.23029,-0.46773,-0.39264
1,-1.1096,-0.0038784,-0.045663,-4.3926,-0.26348,-0.5514,-0.42532,0.0090162,0.92289,-0.33423
1,1.0416,-0.42868,-0.083754,0.24694,1.3475,0.17568,-0.089484,-0.24992,-0.35978,0.33469
1,-0.45151,-0.1842,-0.065833,-1.5726,0.36815,-0.73422,0.095064,-0.094947,1.9213,-0.46865
1,-0.81518,0.093105,-0.11227,-3.7654,0.1989,-0.40994,-0.51689,-0.15905,0.96302,-0.8021
1,-1.1249,-0.25121,0.14979,-3.4002,-0.48416,-0.89389,-0.34382,-0.20749,-0.043086,-0.19649
1,-0.51693,-0.43822,0.041791,-0.98782,1.1267,-0.17497,-0.24083,-0.21336,1.4038,-0.1908
1,-0.47348,-0.22056,-0.034605,-3.1168,0.27983,-0.43787,-0.10599,-0.065239,-0.15651,-1.1042
1,-0.83043,-0.30009,-0.012873,-2.5064,0.918,-0.68443,-0.048743,-0.22128,0.17124,-0.25533
1,-0.2731,-0.17092,1.2508,-1.7129,-0.12406,0.14616,-0.42172,-0.23141,0.92016,-0.32424
1,0.4139,-0.28012,-0.083301,-2.1104,2.6767,-0.52176,0.0028227,-0.0050934,0.023613,-0.55091
1,-0.34045,-0.15341,0.074159,-1.3755,-0.41895,-0.49351,-0.39389,-0.18488,2.1323,-0.40257
1,-1.0854,-0.19785,0.17782,-4.6103,-0.43478,-0.4959,-0.38274,0.029199,-0.98462,-0.21819
1,-0.47562,0.3895,0.13125,-2.5561,0.47909,-0.43928,-0.053888,0.027883,-0.76197,-0.4809
1,-1.808,0.51337,-0.0054322,-4.2975,-0.042793,-0.8208,-0.26367,-0.21732,-0.61083,-0.59134
1,-0.7347,0.66181,0.5027,-2.4762,-0.020165,-0.39465,0.62106,-0.1606,0.16849,-0.72523
1,-0.15713,-0.060554,-0.052539,-1.9069,0.67673,-1.0098,0.0040737,-0.2549,-1.087,-0.4279
1,-0.41267,-0.1601,0.037379,-1.0302,1.4321,0.2966,0.37135,-0.29172,-1.4671,0.038587
1,-0.19963,-0.038266,-0.13932,-3.2467,1.2404,-0.076427,-0.089744,0.046993,-0.52987,-0.45861
1,-0.70081,0.54606,0.15676,-1.923,0.63885,-0.5772,0.13069,0.12254,-0.47879,-0.70024
1,0.053992,-0.20515,0.29334,-1.5357,0.049672,-0.33839,0.12244,-0.050434,0.42197,-0.17918
1,0.80506,0.063087,0.10733,-0.93914,-0.52072,-0.13635,-0.85517,-0.071894,-0.60289,0.92095
1,-0.98932,-0.01755,-0.07713,-2.7361,0.53276,-0.64061,0.20936,-0.41329,0.56582,-0.73915
1,-1.5964,0.31415,0.072765,-2.735,-0.39599,-1.0772,0.0072974,-0.056274,-0.2533,-0.91201
1,-1.0888,-0.06546,0.28653,-4.3925,-0.13481,-0.048021,-0.66961,0.095546,1.5897,1.3703
1,-0.41969,0.26291,0.15121,-3.4643,-0.1786,-0.71643,-0.38052,-0.095261,-0.88635,-0.51675
1,-0.2906,-0.056949,-0.0068579,-4.4498,-0.14743,-0.76703,-0.022844,-0.17616,-0.72168,-0.98771
1,-0.78827,0.014672,0.03336,-1.5794,0.61493,-0.033986,-0.29576,-0.1257,0.51073,0.062039
1,-0.29741,-0.1292,-0.0091149,-3.423,0.43683,-0.71297,0.23424,-0.054873,-0.75553,-0.67233
1,-0.45394,0.064024,0.1852,-1.9628,0.15138,-0.52786,-0.17582,-0.060591,-0.9995,-0.29851
1,-0.20719,-0.033968,0.19666,-2.533,1.035,-0.57722,-0.090239,-0.21774,1.5599,-0.56839
1,-0.38851,-0.14947,0.074469,-2.3922,1.9749,-0.21777,-0.35224,-0.039814,0.59397,0.08325
1,-1.0166,0.41882,-0.1514,-3.139,-0.26437,-0.87173,-0.21616,-0.11027,1.0583,-0.86385
1,0.31546,-0.14121,0.094883,-0.81984,2.5473,-0.50685,0.033801,-0.21196,-1.0773,0.60342
1,-1.2068,0.36475,0.047183,-1.2413,0.61,-0.91396,0.12421,-0.13213,0.80231,-0.37211
1,-0.02729,0.62265,0.95946,-2.7981,1.1364,-0.077997,-0.14169,-0.26998,-1.1463,-0.023647
1,-0.14402,-0.61487,-0.09621,-3.9608,1.2057,0.091829,-0.17913,0.041119,0.42684,1.3549
1,-0.14349,0.014828,-0.025337,-2.7789,0.55317,-0.3802,-0.032483,0.03987,-0.33895,-0.60447
1,-0.54105,-0.1093,0.28351,-2.0609,2.1659,-0.4898,-0.19866,-0.084118,-0.11886,-0.10983
1,-0.52481,-0.075124,-0.01444,-3.4453,0.67637,-0.97213,0.099006,-0.1958,-1.0108,-0.75056
1,-0.59772,-0.202,0.29786,-1.6895,0.89765,-0.3203,-0.26731,-0.13233,1.648,-0.36057
1,-0.35161,-0.19807,0.3735,0.075111,2.2326,-0.86072,0.026808,-0.25522,1.0472,-0.63832
1,-0.12858,-0.19709,0.086591,-2.3571,-0.29158,-0.27328,0.45095,-0.11767,-1.1179,-0.56213
1,0.18568,-0.39925,-0.14211,-3.6565,-0.40226,-0.37658,-0.23205,-0.35644,-0.91363,-0.13093
1,-0.3838,0.49623,0.12598,-2.7918,0.33912,-0.14727,-0.33386,0.0039295,-0.41806,-0.062678
1,-0.51505,0.1255,-0.12662,-2.9129,0.86849,-0.53367,-0.14369,-0.16544,-0.86424,0.11782
1,-0.84255,0.097364,-0.00043273,-2.6186,1.1527,-0.43143,-0.46612,-0.088617,-0.91595,-0.40648
1,-0.87679,-0.36561,-0.037206,-3.0857,1.5228,-0.81365,0.63127,-0.14688,0.309,-0.072973
1,0.63101,-0.069319,-0.11407,-4.9143,0.028439,-0.23747,-0.2586,-0.13226,-0.42272,-0.55785
1,-0.047654,0.071083,0.85124,-0.663,0.59079,0.16441,-0.41248,-0.21785,-1.0261,0.090645
1,0.24655,0.43404,0.81321,-1.631,1.3036,-0.28307,0.056247,-0.23403,-0.98967,0.24273
1,2.0988,-0.24058,0.32091,-2.2141,-0.70354,0.67878,-0.0045481,-0.10634,-0.089699,0.39674
1,-0.69911,0.097364,0.23235,-2.2842,-1.0671,-0.72677,-0.037366,-0.2271,-0.10713,-0.11839
1,-0.76226,-0.11766,-0.3034,-2.6661,-0.12824,-0.73449,0.26301,-0.21343,0.45304,-0.17365
1,-0.52035,0.21154,0.17442,-2.3332,0.75136,-0.57422,-0.2704,-0.32288,-0.68094,-0.20716
1,-1.2299,0.86412,0.13175,-2.9301,-0.51965,-0.79316,-0.18684,-0.047549,-0.46555,-1.3551
1,-0.51913,0.13506,0.26235,-2.1487,1.1746,-0.67216,0.18028,-0.13882,-1.0517,-0.32346
1,-0.53225,0.093058,0.049448,-3.1122,2.0004,-0.96605,-0.70989,0.014581,-1.2857,-0.15503
1,-0.63936,-0.26333,0.38046,-1.5662,0.53127,-0.39976,-0.20547,-0.051764,-0.58494,-0.12063
1,-0.54163,0.48213,0.0466,-3.9017,0.23688,-0.63966,-0.37288,0.018731,-0.96738,-0.52045
1,-0.32181,-0.058629,0.14029,-2.3996,1.3024,-0.98825,-0.29428,-0.12439,-1.0144,-0.12591
1,-0.48577,0.57028,0.32176,-2.5752,0.47484,-0.76492,0.02378,-0.20374,-0.56805,-0.44353
1,-0.2021,-0.085211,-0.012709,-1.5222,-0.065897,-0.5278,0.20071,-0.19363,-0.63307,-0.33071
1,0.13803,0.1048,0.7065,-2.6835,1.3245,-0.68146,-0.069495,-0.11569,-1.1774,-0.5692
1,-0.75382,0.13851,0.13238,-3.4975,0.88272,-0.45551,-0.31998,-0.12086,-1.0145,-0.25723
1,-0.19151,-0.17621,0.15657,-1.6845,0.085542,-0.15743,-0.36464,-0.097974,-0.46521,-0.094098
1,-0.54353,-0.0017583,0.26324,-1.4861,-0.28199,-0.92109,-0.19418,-0.12864,1.6804,-0.95875
1,-0.66834,-0.13756,0.023229,-3.7528,0.27064,0.0096428,-0.052846,-0.11799,0.3389,-1.0002
1,-0.51548,-0.17732,-0.074673,-2.6605,0.78525,-0.83603,-0.25002,-0.15644,-0.53708,-0.038637
1,1.4248,-0.18001,0.14518,-1.0696,-0.56616,0.19224,-0.44605,-0.17573,2.4198,1.9068
1,-0.026775,-0.46308,-0.18118,-3.5204,-0.025811,-0.16084,-0.3219,-0.20256,1.9113,-0.16854
1,-0.62304,0.51999,0.25975,-3.5592,1.715,-0.38618,-0.12176,-0.14915,-1.0745,-0.035272
1,-0.40288,-0.10136,0.11318,-3.0525,1.3106,-0.60127,-0.44877,-0.22084,-0.40927,-0.55515
1,-0.26823,-0.10077,0.33848,-1.7705,2.2581,-0.39579,-0.27353,-0.04691,-1.0404,-0.35758
1,-0.15335,-0.34333,0.38689,-2.6101,-0.48831,-0.29978,0.30443,-0.031035,-0.69619,-0.34065
1,-0.37152,0.036242,0.42518,-4.3096,0.77732,-0.10815,1.279,0.058708,-0.98408,1.0151
1,-1.4244,-0.16964,0.16574,-4.5105,-0.29319,-0.032014,-0.89146,-0.09712,0.64032,1.1465
1,-0.51645,-0.25915,0.27318,-2.6313,0.71298,-0.53221,-0.26586,0.0058876,-0.56097,-0.30522
1,-0.61257,-0.10915,-0.022586,-3.1988,1.3411,0.27173,-0.80605,-0.12845,-0.19643,-0.48067
1,0.74608,0.069332,-0.20712,-4.259,-0.34106,-0.33987,-0.084706,-0.051277,0.67425,0.68661
1,-1.6092,-0.032563,0.17728,-1.923,0.3479,-0.88492,-0.48478,-0.088576,1.8353,-0.50888
1,-0.57677,0.93615,0.24573,-1.1029,0.44858,-0.5686,-0.23904,-0.064186,2.5718,1.0059
1,-0.24482,-0.41801,-0.0088505,-2.5237,1.3639,-0.017943,-0.12085,-0.18957,3.536,0.36883
1,0.29171,-0.36288,-0.016329,-1.9393,-0.13465,0.36557,-0.10996,-0.15164,-1.1008,-0.41897
1,-0.30643,-0.29117,0.38925,-0.88633,0.23348,0.32468,-0.4698,-0.15287,1.2288,0.15359
1,-1.4124,-0.10048,-0.12012,-3.682,0.11225,-0.97328,0.11768,0.0032195,-0.39655,-0.44472
1,0.77445,0.32062,0.66787,-2.3627,0.19638,-0.27459,-0.66666,-0.065307,-0.88829,0.38541
1,2.6675,-0.10004,0.13023,-2.2591,-0.40297,0.6702,-0.37174,-0.24495,-0.022311,-0.028512
1,0.52282,0.23669,0.30286,-1.274,0.25419,0.29981,-0.7345,-0.28052,0.048645,-0.016411
1,-1.0934,0.10762,0.062592,-2.7223,-0.23968,-1.0532,0.24384,0.085241,-0.61147,-0.5628
1,-0.48284,0.078287,0.88705,-2.7131,0.93685,-0.22893,0.561,-0.1351,-0.82227,-0.40281
1,0.49368,-0.35034,-0.030764,-1.9883,1.7994,0.044945,-0.56095,-0.30334,2.7427,0.15918
1,-0.52788,0.12012,1.1548,-2.482,-0.56171,-0.45137,-0.34664,-0.12356,0.27976,0.47039
1,-0.96164,0.14362,-0.087647,-1.5356,-0.35374,-0.82352,0.49536,-0.040995,-0.089604,-0.67257
1,0.17658,-0.21634,0.78884,-0.40877,0.6745,0.78484,0.070815,-0.28864,-0.27063,-0.087131
1,-1.3409,0.55397,-0.034177,-2.6395,0.029845,-0.79944,-0.012299,-0.15081,-0.76516,-0.76639
1,-1.7371,-0.33035,-0.086842,-2.1888,0.51549,-0.28829,-0.1989,-0.25242,0.78183,0.26984
1,0.17289,-0.36021,0.27607,-0.030625,1.3193,-0.098937,-0.16939,-0.1439,-1.3464,0.22911
1,-0.044119,-0.16408,0.30639,-0.77037,0.84449,0.25973,-0.25841,-0.16367,-1.4393,-0.19481
1,-0.76205,0.1309,1.4337,-1.0597,2.2521,0.29775,-0.976,-0.21802,-1.2646,0.53356
1,-1.1746,-0.36363,0.078492,-3.4401,0.89687,-0.78623,-0.027758,-0.15075,-0.5618,-0.49486
1,-0.81666,-0.1224,0.078048,-3.2917,0.76608,-0.062801,-0.8897,-0.26123,1.3834,-0.39711
1,-0.040313,-0.075431,0.47434,-3.305,0.70262,0.071387,0.31742,-0.18157,0.85681,0.1955
1,-0.11865,-0.10164,0.079957,-1.5092,1.836,-0.56998,-0.028917,-0.11167,1.5661,-0.61723
1,-0.38494,-0.22591,0.48056,-2.5386,0.64958,0.0038085,-0.4116,-0.21648,0.53804,0.13892
1,-0.20852,0.057612,-0.019009,-3.2862,1.2212,-0.032067,0.068704,-0.21885,0.48466,-0.46632
1,-1.6019,0.61813,0.23851,-2.1947,-0.028092,-1.0187,0.059859,0.1517,-0.94654,-0.5122
1,-1.3634,0.17221,0.11142,-2.9036,0.33936,-0.14499,-0.66328,-0.15641,0.51655,-0.25612
1,-0.34224,0.18725,0.29911,-0.87905,0.078447,-0.59211,0.53565,-0.13637,-0.34669,-0.22829
1,-0.65811,-0.17291,-0.05834,-3.0351,-0.27094,-0.66486,-0.14049,-0.0049021,0.32777,-0.16861
1,-0.017942,-0.26816,-0.018777,-1.8409,0.077514,-0.48534,0.47261,-0.25719,-1.0148,-0.4354
1,0.32517,1.0317,0.51217,-0.85669,1.6432,-0.44142,-0.44685,-0.20244,1.3432,0.058231
1,-0.34029,-0.059863,0.36673,-1.5463,1.5357,-0.65993,-0.28903,-0.16143,-0.056113,-0.19586
1,-0.85891,-0.29147,0.1053,-3.9313,1.4437,-0.65004,-0.60439,-0.12679,1.6919,-0.56215
1,-0.81714,-0.29194,0.58154,-4.0204,1.1414,0.041939,-0.65976,-0.037415,0.56654,-0.68076
1,-0.0020047,-0.50097,0.87575,-1.3069,0.5344,-0.24908,0.046025,-0.30301,1.5335,-0.20544
1,-0.85246,0.31852,0.16894,-2.3263,0.68285,-0.42458,0.0037738,-0.076203,1.2446,-0.67174
1,0.62992,-0.35112,0.57931,-1.6656,0.65695,-0.24186,-0.20496,-0.20426,-0.94396,-0.36197
1,-1.8481,-0.26579,0.13825,-3.1486,0.17752,-0.73652,-0.1582,0.0087196,0.26962,-0.68793
1,-0.17365,-0.15429,-0.10676,-2.0272,0.46425,-0.64038,0.30283,-0.15623,-0.17111,-0.51839
1,0.91677,-0.27352,0.071076,-2.2483,0.78182,0.01255,-0.36509,-0.0387,-0.96973,0.36009
1,-0.33747,-0.070892,0.09436,-1.578,0.003062,-0.54869,0.077182,-0.21664,-0.25689,-0.16156
1,-0.67832,0.095735,0.31565,-1.259,1.3055,-0.60567,0.16851,-0.22486,-0.74674,-0.4803
1,-0.63416,0.39826,-0.12817,-2.7737,1.4109,-1.3275,0.48591,-0.26543,-0.50484,-0.68743
1,-0.74569,-0.15689,0.16658,-2.2639,0.84831,-0.56077,0.15888,-0.15254,-0.33195,-0.41009
1,-0.68882,0.35078,0.2979,-1.9458,0.98901,-0.51444,-0.073158,-0.075151,-0.71168,0.093105
1,1.7026,-0.31599,0.12654,-0.016463,-0.46748,-0.56129,-0.2942,-0.11737,0.10954,0.57476
1,-0.58316,0.0018823,0.52949,-0.43127,1.2018,-0.74916,-1.4952,-0.30369,-1.2326,-0.69407
1,-0.9697,-0.054485,0.20918,-2.8868,-0.080924,-0.88345,-0.030849,-0.042988,0.20809,-0.61166
1,-1.0184,0.75918,0.068679,-3.0092,-0.4816,-0.79892,0.33756,-0.020803,-0.95323,-0.5719
1,-1.2428,0.25366,-0.004063,-2.3358,0.25033,-0.67362,0.0021332,-0.13432,-0.30008,-0.15249
1,2.3123,-0.2861,-0.020208,-3.1612,-0.43455,-0.21171,0.20352,0.29984,1.1508,-0.053378
1,-0.5176,-0.1852,0.3017,-1.5026,2.4682,-0.37374,-0.099727,-0.02649,1.2447,-0.57647
1,-0.75098,-0.11221,0.32538,-3.065,-0.3251,-0.75113,-0.66082,-0.31201,-0.84289,-0.13111
1,-0.79914,-0.10186,-0.057187,-2.5473,0.83022,-0.65731,-0.032613,-0.056651,-0.85783,-0.28681
1,-0.70682,-0.10764,0.063616,-0.48167,1.3936,-0.51697,0.045025,-0.28361,2.4531,-0.10887
1,-0.90371,0.14416,0.011569,-2.9887,0.85913,-0.76418,-0.29575,-0.24693,-0.10064,-0.83746
1,0.29787,-0.35163,-0.12469,-1.2665,-0.41369,-0.00044644,-0.79311,-0.20804,0.62721,0.29742
1,0.29588,0.73058,-0.021776,-4.8078,-0.36671,-0.22221,-0.66733,0.0039849,-0.42466,0.59042
1,-0.13431,-0.25808,0.028608,-2.7687,0.37147,0.33929,-0.19327,-0.37078,-0.37227,-0.25591
1,-0.63119,0.56514,0.19201,-1.9938,2.6283,-0.69626,-0.80327,-0.25419,-0.36125,-0.61142
1,-1.617,0.50237,0.18619,-2.4189,-0.14532,-0.91895,0.26107,-0.26575,-1.0378,-0.57133
1,-0.6642,-0.10187,0.037551,-2.5951,1.1856,-0.31211,-0.025571,-0.24805,-0.79608,-0.24546
1,0.39651,0.13225,-0.0016089,-2.3634,0.60883,9.05E-05,0.36892,-0.31081,0.070488,-0.34648
1,-0.3464,0.14746,0.19673,-1.5676,1.6305,-0.54562,0.47397,-0.18667,-0.90982,0.084254
1,-0.33355,-0.14016,0.18762,-2.7565,0.85412,-0.44359,-0.28822,-0.11277,-0.88954,-0.34597
1,-0.052168,-0.38837,0.097725,-0.010525,1.7087,0.28132,-0.077216,-0.26975,2.0764,0.86877
1,-0.81357,0.09466,0.28319,-2.8251,1.5101,-0.46426,-0.28255,-0.080329,-1.0706,-0.54209
1,-0.40653,-0.10202,0.82453,-1.7806,-0.63461,-0.56258,0.7668,-0.28756,-0.92631,0.3791
1,-0.22245,-0.36827,0.27694,-2.7217,1.7296,-0.80122,0.16654,-0.33782,-0.83508,-0.91507
1,0.60603,-0.16644,0.43195,-1.1138,0.81212,-0.15935,-0.080805,-0.10705,-1.0391,0.26577
1,0.070202,0.053892,0.25141,-2.6971,-0.024117,-0.15053,0.020626,-0.00022155,1.2612,0.18107
1,-0.89305,-0.13821,0.16675,-2.6376,-0.028527,-0.6523,-0.39002,-0.10853,-0.69047,-0.27956
1,0.82089,-0.3917,-0.28628,1.0108,2.8499,-0.96922,2.3269,-0.52435,1.0957,0.033926
1,0.29466,0.25711,-0.17001,-2.7449,0.66038,-0.49863,0.2158,-0.16969,-0.49663,-0.50284
1,-0.34646,0.7713,0.37678,-2.1417,-0.27191,-0.93194,0.10497,-0.14791,-0.71679,-0.20317
1,-0.87229,0.21239,0.21963,-1.7325,0.28433,-0.70829,-0.20716,-0.16229,-1.0078,-0.42044
1,-1.4918,-0.070285,0.17078,-3.4618,0.87181,-0.039029,-0.88821,-0.062429,-1.3259,-1.3125
1,1.5544,0.055502,0.74805,-2.9104,1.9324,0.95338,-0.4338,0.2853,-0.10903,-0.59191
1,-1.1586,0.16845,0.25361,-3.0489,-0.013635,-0.74856,0.036042,-0.26746,-1.1437,-0.65705
1,-0.63976,0.42568,0.5605,-2.6568,2.1782,-0.74218,-0.16249,-0.21387,-0.93001,-0.34168
1,1.6433,-0.50482,-0.23582,-2.616,1.6283,1.3369,0.43394,-0.44792,-0.79071,0.24475
1,-0.81066,0.10947,0.0031875,-0.89429,-0.11114,-0.51108,-0.62395,-0.0071845,-0.48278,0.026583
1,-0.90011,0.023017,0.25681,-1.804,1.2965,-0.16629,-0.54418,-0.18015,0.36034,-0.4994
1,0.15958,-0.35011,-0.071079,-4.0412,3.3254,-0.43303,-0.84189,-0.23727,-0.49369,-0.19763
1,-0.10455,0.30864,-0.039408,-2.4594,0.26707,-0.77909,0.68971,-0.029588,-0.73293,-0.44367
1,-0.29711,-0.12607,-0.23957,-2.7931,0.086507,-0.78057,-0.24058,-0.045733,-0.61063,-1.2537
1,-0.72598,0.031375,0.026538,-3.6357,0.49225,-0.27125,-0.65656,-0.12256,-0.43884,-0.7813
1,-0.023369,0.27227,-0.014651,-3.1629,-0.042065,-0.62121,0.31512,-0.086443,-0.81286,-0.84132
1,-1.2666,0.070532,0.41081,-1.3037,0.9804,-0.49907,-0.33857,-0.24555,-0.19182,0.18522
1,-0.98389,-0.25196,-0.060605,-2.8956,0.11702,-0.27048,0.094682,-0.26785,2.5363,-0.32695
1,-1.2699,0.11392,0.11031,-1.7708,0.20722,-0.29722,-0.68018,-0.23729,2.5352,-0.18753
1,-0.21462,-0.073434,0.082706,-2.7017,0.43034,0.65833,-0.95201,-0.30777,1.0643,1.1531
1,-0.23578,-0.12526,0.16213,-1.8723,1.2152,-0.77356,-0.34155,-0.16377,1.7831,-0.14597
1,0.020927,-0.2261,-0.05043,1.232,-0.73408,0.89144,0.24623,-0.21728,-0.30271,-0.019249
1,-1.3938,0.028901,0.65553,-2.4289,0.82802,-0.30568,-0.20989,-0.089334,-0.42,-0.29555
1,0.055209,0.024353,0.88998,-2.3946,0.051024,-0.35113,-0.24142,0.12811,0.57342,0.28003
1,0.6705,-0.60294,-0.1351,-2.8659,-0.59073,0.13817,-1.1508,0.32293,-0.94478,0.60882
1,-0.53837,-0.056148,0.13884,-1.501,0.12175,-0.64563,-0.31218,-0.022964,0.91789,-0.54383
1,0.0036248,0.073131,-0.012213,-1.0217,-0.02748,0.95913,0.097981,-0.16827,0.24463,1.8816
1,-0.1204,0.2542,0.31943,-1.4213,1.0429,-0.591,-0.082546,-0.24346,-0.97952,-0.10699
1,-1.1418,0.080552,-0.10832,-4.3027,0.12613,-0.80234,-0.16452,0.096285,0.90024,-0.69509
1,-2.546,-0.24836,0.27723,-3.8831,1.4357,-0.46021,-0.64891,0.23996,2.9593,-0.017305
1,-0.61793,-0.16455,0.42099,-2.2153,0.72737,-0.54157,-0.30398,0.018271,0.31339,-0.34873
1,-0.17485,-0.054199,0.35176,-2.0178,0.35327,-0.086859,-0.5214,-0.16506,0.70196,1.0988
1,-0.52603,-0.13839,0.13286,-1.4228,1.3403,-0.62008,-0.54137,-0.25709,0.008327,-0.3184
1,-0.51686,-0.21775,0.44382,-1.9343,0.4339,0.047041,-0.68632,-0.18052,-0.7177,-0.58658
1,-0.40093,0.050549,0.02806,-3.8333,1.1727,-0.46042,-0.43709,-0.025367,-0.53442,-1.0313
1,-1.4071,0.058879,0.17894,-2.6459,0.80088,-0.5128,-0.55843,-0.1201,-0.8343,-0.44787
1,1.4043,0.078487,0.68016,-1.9593,-0.31371,0.01614,0.16594,-0.2715,-0.78723,0.0028703
1,-0.59438,-0.11925,0.32239,-2.2759,1.3571,-0.41699,-0.20283,-0.088923,-0.13738,-0.40277
1,0.20418,-0.15957,0.29066,-2.2584,1.2883,-0.46947,-0.14068,-0.078624,1.9581,-0.057762
1,-0.30763,-0.082776,-0.12823,-2.4338,0.79008,-0.64277,-0.6661,-0.14222,-0.085733,-0.53454
1,0.29508,0.095771,0.73483,-0.7773,1.3501,-0.52829,-0.10792,-0.13075,-0.38486,0.95356
1,0.45822,-0.084175,0.38893,-2.6107,0.52242,0.30978,-0.36844,-0.25385,0.83378,-0.044918
1,-0.49129,-0.13503,-0.025538,-3.7242,1.0019,-0.45634,-0.41539,-0.25495,-0.70385,-0.98381
1,-0.24132,0.25222,0.56443,-2.3725,2.5553,-0.63664,0.36598,-0.17973,-0.72485,0.23021
1,0.66837,-0.062401,0.17912,-0.85172,1.6851,-0.16256,-0.6769,-0.13752,-0.32481,-0.14434
1,-0.63974,0.032643,0.20714,-2.4401,0.39139,-0.73713,-0.098827,-0.15153,-0.91341,-0.6796
1,-0.38721,0.24176,0.52487,-3.0278,2.7983,0.62922,-0.61543,-0.028955,-0.22151,-0.24726
1,-1.2625,0.18845,0.021949,-3.2057,0.13471,-0.72125,0.41535,-0.084929,-0.30806,-0.30126
1,-1.1884,0.54104,0.20826,-2.6086,1.3057,-0.14207,-0.48115,-0.158,-0.16707,-0.47474
1,-0.90812,-0.04464,-0.070621,-4.0187,-0.26495,-0.66355,-0.35736,0.013847,-0.79007,0.19394
1,-1.2722,0.73024,0.062418,-0.21905,-0.4854,-0.72542,0.37049,0.050713,0.55419,-0.37512
1,-0.76329,0.28258,0.094586,-2.9904,1.2687,-0.77215,-0.18006,-0.13065,-0.74643,-0.47617
1,-1.084,-0.56974,0.12777,-2.9924,0.472,-0.56698,-0.65563,-0.16419,0.88923,-0.9052
1,-0.5261,-0.32147,0.21608,-1.8241,1.2576,-0.18901,-0.406,-0.10722,-1.2935,-0.37538
1,-0.70326,-0.12611,0.8969,-0.97724,0.012028,0.057975,-0.020665,-0.27321,-1.4856,-0.026786
1,1.1986,0.011177,0.46985,-1.5165,1.0387,0.34537,0.88527,-0.15393,-1.0895,1.1887
1,-1.2593,-0.085039,0.27205,-2.4614,1.0315,-0.63413,-0.24832,-0.0054574,-0.76988,-0.2416
1,-0.39054,0.025137,0.016618,-2.5696,0.58095,-0.47011,0.1702,-0.22208,-0.02135,-0.42004
1,-0.37252,0.076822,0.33453,-2.7141,0.93733,-0.61834,0.30068,-0.10557,-1.21,-0.179
1,-0.86725,0.17872,0.10101,-3.0831,-0.44784,-0.58562,-0.2129,-0.21833,-0.87431,-0.060496
1,-0.74059,-0.1473,0.092879,-2.6544,0.29831,-0.17302,-0.39208,-0.044111,0.59841,-0.62252
1,1.3805,-0.28594,0.26439,-0.098347,0.56885,-0.3948,-0.011405,-0.15283,-1.3964,-0.2803
1,1.7309,-0.28802,-0.10522,-0.5899,0.77907,0.66843,0.21541,-0.37094,3.4345,0.067805
1,-0.044004,-0.1722,0.058959,-2.8076,1.3815,-0.6677,-0.1926,-0.29571,-0.56254,-0.38853
1,-0.50857,0.027924,0.56076,-2.1361,0.87364,-0.7489,-0.50203,-0.17241,-0.3168,-0.36564
1,-0.45757,0.23202,0.68259,-2.0438,2.3044,-0.71849,0.033535,-0.20441,-0.58596,-0.5636
1,-0.12809,-0.37417,-0.075374,-4.2762,0.21234,-0.5991,-0.14063,-0.076178,-0.6053,-0.42052
1,-1.0643,-0.31544,-0.21077,-3.1245,1.3287,-0.88874,-0.099646,-0.15713,-0.74545,-0.34021
1,-0.16899,-0.22435,0.2328,-2.071,1.8312,-0.39885,0.27586,-0.18543,0.11862,-0.050772
1,-1.0526,-0.15825,0.20555,-2.991,0.43928,-0.10107,-0.7843,-0.10995,-0.88682,-0.12524
1,-0.5492,0.049768,0.42853,-0.62954,1.2424,-0.43693,0.79518,-0.11291,1.0239,-0.041233
1,-0.71072,0.17049,0.47931,-1.504,-0.46836,-0.58561,0.25656,-0.035902,-0.69548,0.12614
1,-0.73304,0.62508,-0.052166,-5.125,1.1635,-0.15959,0.079914,-0.24989,-1.0136,-0.10785
1,0.4575,-0.21515,0.70924,-2.0643,0.89747,-0.44668,0.074684,-0.21905,-1.1041,-0.39874
1,-0.30835,0.092857,0.049615,-2.9127,0.38091,-0.43291,-0.15659,0.05147,0.54468,-0.48641
1,0.59006,-0.052389,-0.032161,-4.486,-0.4271,-0.73367,-0.14715,0.11563,-0.82891,-0.37388
1,0.54772,0.48046,0.31738,-0.94207,1.4345,0.17401,0.36,-0.10712,-0.58819,0.40768
1,-1.1528,-0.17151,-0.15751,-2.9928,0.80474,-0.017909,-0.089586,-0.21544,0.81747,0.35934
1,-0.9558,0.037081,0.4543,-1.7622,1.4029,-0.6898,0.002127,-0.13154,0.055655,-0.088557
1,-0.59203,-0.22311,0.13044,-4.9801,0.089638,-0.55686,-0.4862,-0.19071,-0.70437,-0.88918
1,0.063438,0.029602,0.074257,-0.77809,1.0066,0.41289,0.021188,-0.21732,1.9187,-0.1581
1,-0.12141,-0.058859,0.037733,-2.9555,0.98722,-0.73296,0.3721,-0.064186,-0.69548,-0.60434
1,-0.84321,0.35581,0.10983,-2.4134,-0.093901,-0.68895,-0.45536,0.001514,-0.12431,-0.66859
1,0.40257,0.19857,-0.045844,-0.58646,-0.036639,-0.30347,0.47147,-0.11772,-0.37508,-0.58015
1,-1.7105,-0.040437,0.030966,-4.4896,-0.46021,-0.6757,0.0093649,-0.013318,1.608,-0.25264
1,1.648,-0.44723,-0.11642,1.6998,-0.60823,0.91104,-0.71626,-0.19467,0.88365,0.74107
1,-1.3011,0.40578,0.037161,-4.2555,-0.42618,-0.45579,-0.21826,0.085672,-1.0998,-0.32365
1,-0.87585,-0.40106,0.15102,-2.9613,-0.52983,-0.71989,0.38596,0.097427,0.19594,-0.69288
1,-0.8799,-0.076733,0.04352,-1.686,0.29471,-0.77049,-0.01121,-0.15616,0.045497,-0.40308
1,-0.22252,-0.055781,0.14892,-2.639,0.59586,-0.31719,0.51731,-0.21039,-1.0372,-0.51093
1,-0.45351,0.023299,0.64067,-0.62567,3.0529,-0.41702,0.27808,-0.24053,-1.219,-0.12711
1,-0.13018,0.35609,0.17389,-3.3515,-0.16648,-0.5857,0.36158,-0.0054091,-0.82656,-0.58751
1,0.9888,0.1571,-0.036178,-1.0682,0.32839,-0.26086,0.11637,-0.063809,-1.3404,1.2716
1,-0.35159,0.83455,0.32615,-2.2941,0.26662,-0.47412,-0.3883,0.0089536,-0.17409,-0.56502
1,-0.78219,-0.22378,0.08939,-2.7063,0.077154,-0.15042,-0.11422,-0.2517,2.5052,-0.42321
1,-1.3765,0.0016248,0.097505,-3.4164,0.4014,-0.56234,-0.022744,-0.13066,-0.49585,-0.65926
1,-1.1785,-0.11577,-0.033517,-3.4135,-0.072182,-0.51361,-0.15025,-0.046994,-0.83313,-0.4373
1,-0.87764,-0.28925,0.059399,-2.8345,-0.30387,-0.79852,-0.01277,-0.024364,0.4582,-0.84218
1,-0.80732,-0.015304,0.41456,-2.2097,-0.37386,-0.81696,-0.32529,-0.17842,-0.12752,-0.30209
1,-1.1235,-0.096872,-0.089279,-4.005,-0.19218,-0.45705,-0.37754,-0.026761,2.1468,-0.35976
1,0.5585,0.39642,0.015854,-1.6256,0.41328,-0.18007,-0.52719,0.021498,1.1071,0.046075
1,-0.51445,-0.14834,0.58348,-1.9078,0.60025,-0.71251,0.055186,-0.20736,0.49825,-0.58436
1,0.22427,-0.33819,0.091203,-1.9554,0.25108,-0.3221,-0.60203,-0.1748,0.33988,-0.023529
1,0.11161,-0.051289,0.4023,-2.5166,0.47597,-0.45656,-0.30733,-0.057385,-1.2155,-0.54967
1,0.097993,0.26601,-0.029456,-1.6684,0.66211,-0.26675,-0.30626,-0.21226,-0.46018,-0.46985
1,-0.52368,0.043625,0.66737,-2.5235,0.13428,-0.58959,-0.42923,-0.22008,-0.7279,0.28003
1,-1.0596,0.093815,0.080407,-2.792,0.58608,-0.56886,-0.21149,-0.23107,0.55204,-0.37015
1,-0.7597,0.2223,0.53147,-0.83586,-0.39182,0.19632,-0.32281,-0.28715,-0.076139,0.16313
1,-0.40304,0.035252,0.35224,-2.5932,0.30797,-0.32868,0.018211,-0.12877,-0.8261,0.078244
1,-1.3629,0.46818,-0.10158,-2.5762,-0.27869,-0.903,0.026305,-0.14309,-0.1239,-0.43755
1,0.42154,-0.19773,0.86922,-2.3184,0.058215,0.11494,-0.79721,-0.18225,-0.89168,-0.1465
1,-1.6209,-0.19135,-0.038577,-1.3573,1.9413,-0.27917,0.20172,-0.23347,-0.4445,-0.29482
1,-0.95966,-0.20992,-0.013011,-5.1256,1.4549,-0.73347,-0.82811,0.069768,-1.1069,0.14997
1,-0.70892,0.89407,-0.011144,-1.7675,-0.57409,-0.54069,-0.37789,0.054212,-1.0927,0.52111
1,-0.43285,0.36375,0.66967,-2.9281,1.0807,-0.50843,-0.066967,-0.18737,-0.63757,-0.12541
1,0.30297,0.11887,0.37324,-1.011,0.43333,-0.084652,-0.90617,0.040814,0.15688,0.20426
1,-0.3564,0.53924,1.5451,-0.20812,-0.39833,-0.45674,0.003145,-0.13177,-1.0954,0.1851
1,-0.35125,-0.0083312,0.14695,-2.2174,2.0785,-0.0052691,-0.0243,-0.0085889,0.35171,-0.13646
1,-0.3532,0.13161,0.21135,-2.668,0.28426,-1.0197,-0.22359,-0.13246,-0.85283,-0.40117
1,0.31303,-0.25927,0.6033,-2.534,-0.24074,-0.18463,0.2043,-0.21074,-0.78533,-0.099965
1,-0.12513,-0.21615,1.3497,0.66225,-0.41,-0.5086,-0.2013,-0.16585,-1.3664,0.165
1,0.59724,-0.16841,0.48191,-1.7108,-0.25798,-0.50444,0.11791,-0.12389,-0.22439,0.73581
1,-1.2638,0.093592,0.019122,-3.0139,0.020253,-0.8099,-0.37744,0.0524,0.7334,-0.17689
1,-1.3551,-0.22303,0.15465,-1.2429,1.2374,-0.96183,0.039452,-0.10909,0.065096,-0.88448
1,-0.64263,-0.28999,0.88448,-0.74321,-0.37778,-0.17429,0.48536,-0.22521,-0.97744,-0.72449
1,0.44987,0.042585,1.3953,1.4641,-0.69197,0.84615,1.5586,-0.081634,-1.1168,0.98082
1,-0.37394,0.57119,0.18395,-1.8865,0.72759,-0.42965,-0.22837,0.10289,1.3509,-0.090272
1,-0.42139,0.04129,0.52558,-1.08,-0.60022,-0.42658,0.16562,0.0075393,-0.8349,-0.073402
1,-0.65503,-0.009714,0.17299,-2.1494,-0.12141,-1.059,0.70314,-0.32882,-0.88331,-0.77445
1,-0.96328,0.60423,0.212,-2.8427,0.08239,-0.81028,-0.34835,0.078574,-0.81089,-0.25311
1,0.044767,0.071037,-0.057752,-2.9083,1.172,-0.70889,0.085546,-0.12744,-0.45086,-0.12481
1,-0.70973,0.2921,-0.053294,-2.7951,-0.45011,0.013963,-0.72147,0.23551,-1.3139,1.3102
1,-0.47659,-0.020172,0.85005,-1.172,0.10994,0.361,-0.12977,0.19795,-0.027624,-0.2465
1,0.22529,0.070448,0.16514,0.75651,1.1079,0.028992,-0.29478,-0.19328,0.23124,0.011122
1,-0.62759,0.11431,-0.020511,-1.775,0.17423,-0.63989,-0.27512,-0.20406,1.2596,0.47267
1,-2.0746,0.1117,0.31371,-1.3075,1.1428,-0.80732,0.66448,0.090174,0.3462,-0.27932
1,0.30531,1.4573,0.27701,-0.48114,0.68098,0.25514,-0.54363,-0.20384,2.0703,0.18825
1,-0.78556,-0.039638,0.19673,-3.4713,0.58576,-0.315,-0.37294,-0.12818,-0.62892,-0.10211
1,0.31757,0.27514,0.20523,-1.1535,2.3261,-0.35417,-0.23518,-0.19454,-0.62636,0.4978
1,-0.88932,0.023236,-0.0043965,-2.0407,1.4376,-0.89941,0.25318,-0.2026,0.1539,-0.41954
1,-0.22486,-0.26966,0.3362,-2.2041,0.30179,1.2474,-0.76631,-0.26467,2.7535,0.54025
1,0.56588,-0.35845,-0.15247,-0.81708,0.23614,-0.054007,-0.29147,-0.1993,1.3642,0.38325
1,0.33672,-0.16073,-0.088408,-2.089,1.5944,-0.357,-0.16777,-0.17719,0.04706,-0.39331
1,-0.17513,-0.15962,0.21881,-2.002,0.87015,-0.024949,0.10579,-0.32082,1.4757,0.39254
1,-0.50344,-0.36693,-0.2168,-2.1536,-0.37347,0.65144,-0.55656,-0.21061,2.5916,0.37918
1,-0.55793,0.035247,0.12159,-2.8913,-0.19431,0.24208,0.19479,-0.38027,-1.0962,0.047618
1,-0.89321,0.16462,-0.053044,-4.1482,0.23203,-0.67281,-0.14675,0.049607,-0.50018,0.026639
1,-0.96343,-0.017473,0.052188,-2.6631,1.7073,-0.87953,-0.57591,-0.13455,-0.19974,-0.16287
1,0.97453,0.12973,0.09311,0.91733,1.5534,0.44855,-0.39766,-0.13845,-0.11088,0.65134
1,-0.16699,-0.014269,0.2537,-2.9324,0.14849,-0.023234,-0.41226,0.065285,1.5823,-0.1488
1,-0.10518,0.0054197,1.2059,-2.0826,0.7394,-0.19665,-0.33146,-0.047123,0.097128,0.010864
1,1.2564,0.21556,0.1936,-2.4044,0.92883,0.18459,0.61662,-0.33471,-0.081308,0.020816
1,-1.8886,-0.25335,-0.21295,-2.8171,-0.0020845,-0.75453,-0.35252,-0.14771,1.1645,-0.27824
1,-0.61221,0.029906,0.16879,-1.8167,1.2395,-0.3795,-0.20347,-0.22015,0.44565,0.11318
1,-0.83914,-0.027864,0.16525,-3.4467,0.73929,-0.72681,-0.45622,-0.27782,-0.99895,-0.52174
1,-0.47097,0.20797,1.0512,-1.5219,0.90892,-0.11842,-1.3841,-0.065102,0.35975,0.37915
1,-0.4537,0.30066,0.32683,-4.0456,-0.05505,0.050569,-0.14018,0.091057,-0.85314,0.47343
1,0.25886,-0.34464,-0.046084,-5.0074,2.0765,-0.84712,-0.043468,-0.10799,0.5484,-0.32422
1,-0.050128,-0.39936,-0.21637,-4.2322,0.017027,-0.67649,-0.32179,-0.20361,-0.94885,-0.86067
1,-1.1521,-0.020935,-0.014919,-3.6857,0.372,-0.53223,-0.42586,-0.00090852,0.18311,-0.31756
1,-0.63628,0.33337,0.91158,-0.60104,1.005,-0.013572,-0.31272,-0.033561,-0.94503,0.42278
2,1.2481,-0.47597,-0.19593,-2.4202,-0.57182,-0.11677,0.39401,-0.21585,1.2556,0.44996
2,1.1188,-0.30329,-0.15854,-0.70234,0.4128,-0.61066,0.3442,-0.21732,0.32116,-0.45643
2,-0.60247,-0.45111,-0.12923,-3.7164,0.025185,-0.51599,-0.075173,-0.11263,0.81629,-0.19678
2,2.2994,-0.55599,-0.46464,0.27776,-0.50123,1.0325,1.1131,-0.55994,1.7437,0.19329
2,1.5218,-0.58896,-0.25749,-1.9915,0.25593,0.17884,0.57569,-0.35658,1.3741,0.10374
2,-2.606,-0.48917,-0.061472,-2.3424,0.24867,-1.0302,0.1795,-0.25834,0.96501,0.19784
2,-0.4879,-0.46162,-0.16012,-0.055199,3.2117,-0.70376,0.76333,-0.065596,-1.1319,-0.40324
2,1.0737,-0.36744,-0.33115,-0.34312,-0.22117,0.10208,0.6257,-0.38232,1.4707,-0.28786
2,-0.16433,-0.14323,0.0043954,-2.837,-0.018009,-0.70963,0.16647,-0.12541,-1.0903,-0.068785
2,1.7328,0.013555,0.070149,-1.9532,0.0988,-0.47344,0.067139,-0.20074,1.0057,0.19893
2,-1.1584,0.082835,-0.038072,-3.3735,0.27725,-0.58904,-0.1315,-0.15827,0.20957,-0.34811
2,0.64971,-0.41522,0.18451,-0.59001,-0.54548,1.0506,0.2279,-0.33131,1.6986,-0.23214
2,0.79771,-0.38817,-0.15569,-1.5367,-0.27344,-0.015577,0.83978,-0.37282,1.1577,-0.55014
2,2.5397,-0.20354,-0.13167,-1.9928,0.41338,-0.23235,-0.29443,-0.2539,0.53135,0.0081801
2,1.3975,-0.36797,-0.17384,-2.1146,-0.10733,-0.28257,0.13601,-0.19293,0.37141,0.17425
2,1.9283,-0.22513,-0.14629,-2.2404,0.14479,-0.64628,-0.24116,-0.22507,3.0555,0.84618
2,0.55415,-0.26545,-0.20832,-1.4348,-0.2544,-0.30588,0.34684,-0.26647,1.8862,2.2535
2,0.16291,-0.31032,-0.03217,-1.734,0.29312,-0.56908,0.12936,-0.1745,0.96106,-0.17707
2,2.2086,-0.25194,-0.23564,-0.22999,-0.59024,0.21601,0.8725,-0.276,0.90856,0.55254
2,1.7546,-0.29234,-0.0013326,0.37462,-0.6859,0.79478,0.10635,-0.13763,0.56248,-0.014904
2,-0.54485,-0.43672,-0.072082,-3.6741,0.409,-0.33529,0.1925,-0.29563,-0.11105,-0.19309
2,2.7198,-0.22267,-0.13385,-0.31882,-0.53888,0.22406,0.50608,-0.27,2.4851,-0.13837
2,-0.096024,-0.49236,-0.21606,-0.44789,-0.36426,-0.033046,0.045909,-0.33524,1.5084,-0.48389
2,1.2902,-0.64134,-0.067547,-2.772,0.39549,0.67624,-0.1064,-0.34361,-0.55249,0.54413
2,1.7239,-0.46422,-0.25971,0.86802,0.81961,-0.070189,1.0374,-0.30884,-0.26127,0.43641
2,1.4705,-0.10387,-0.17856,-1.556,-0.38018,0.82482,-0.11548,-0.2206,0.53677,-0.069691
2,0.95472,-0.4156,0.055068,-2.2072,-0.084455,1.4741,-0.16372,-0.25858,-0.75385,0.26563
2,-0.026206,-0.11434,-0.088787,-2.0049,0.4332,-0.57436,-0.016106,-0.15992,1.0467,0.03658
2,1.013,-0.028995,-0.16413,-0.47404,-0.17233,0.03552,0.10395,-0.35994,3.158,-0.016651
2,1.4248,-0.38156,-0.14936,0.69551,-0.23545,0.25035,0.48614,-0.36328,1.285,-0.30023
2,2.1388,-0.29673,0.20115,1.9478,0.45277,0.73556,0.148,-0.0032531,-0.7595,-0.0027194
2,0.18331,-0.3785,-0.22661,-1.1482,-0.07229,0.27635,-0.14603,-0.34017,0.53696,2.592
2,2.0831,-0.34839,0.056289,3.0324,-0.48835,0.22145,0.62793,-0.22189,0.33753,0.4757
2,1.0033,-0.57273,-0.026044,-1.5837,-0.06308,-0.14008,0.38795,-0.16913,0.82594,0.15227
2,1.339,-0.12931,-0.083268,-1.1905,-0.40414,-0.47984,0.4813,-0.077401,-0.66871,-0.052093
2,0.70373,-0.50707,-0.43725,-0.99983,-0.4733,0.85807,0.077478,-0.44628,0.18219,0.024454
2,0.83288,-0.34424,0.041615,0.40597,0.0419,-0.47173,0.67452,-0.0091628,-1.2387,0.92822
2,1.6375,-0.34751,-0.21481,0.66029,-0.62712,-0.1164,1.1219,-0.45859,1.9651,0.43005
2,0.58846,-0.084794,-0.024335,3.2422,-0.2505,0.79751,-0.070067,-0.068624,2.2414,1.3307
2,1.1299,-0.10558,-0.084381,-1.0788,-0.52199,0.63832,0.2357,-0.24632,0.15821,0.68676
2,1.3219,-0.4244,-0.24431,-0.87174,0.53064,0.37391,0.46689,-0.3764,0.95473,-0.059573
2,0.85206,-0.36473,-0.19966,-2.5279,0.012089,0.0033268,0.28156,-0.23343,0.40024,0.16241
2,2.5927,-0.49374,-0.21238,0.5367,-0.0032437,-0.20158,0.82473,-0.29754,0.14815,1.9224
2,1.3525,-0.34942,-0.26039,0.56162,-0.76589,1.0839,0.62355,-0.27444,1.5929,0.21588
2,0.69469,-0.36412,0.3885,-1.5597,-0.30828,-0.07982,-0.2935,-0.084275,0.38624,1.232
2,0.46101,-0.49458,-0.25796,2.2617,-0.49355,0.31294,0.67261,-0.50644,1.787,0.0051338
2,1.4704,-0.24577,-0.060915,1.8831,-0.44086,-0.65484,0.19029,0.041073,0.36484,0.26824
2,1.8813,-0.32979,-0.15686,-1.8002,-0.25872,0.0087106,0.13124,-0.34903,2.5936,0.12804
2,0.99803,-0.47366,0.18425,0.18028,-0.65036,-0.70646,0.77193,-0.039002,2.5266,-0.097503
2,0.50679,-0.55315,-0.031016,-0.79311,-0.52046,0.92506,0.17226,-0.28533,-0.69814,-0.049686
2,1.9431,-0.35804,0.14807,1.0285,-0.64589,0.50335,0.33798,-0.23234,1.4716,1.1257
2,1.3249,-0.26566,-0.17608,-0.87326,0.60397,-0.15593,0.28262,-0.15685,-0.54376,0.76506
2,1.6467,-0.42917,-0.30224,-1.1724,-0.27376,0.065445,0.26185,-0.25366,2.0874,0.26187
2,0.13501,-0.32927,-0.07501,-2.074,-0.52587,-0.22857,-0.20719,-0.21321,1.0881,0.45047
2,0.7464,-0.30064,-0.14411,-1.8917,-0.47155,-0.071794,0.32115,-0.29533,0.3786,-0.48089
2,1.0012,-0.24613,-0.10127,-0.96443,-0.51099,-0.1262,0.29221,-0.26398,2.9968,0.23571
2,-0.30925,-0.36179,-0.14585,-2.4743,0.26034,-0.34224,0.28802,-0.34534,-0.99075,-0.30236
2,1.4157,0.055301,-0.33749,0.4876,-0.94595,-0.44613,0.53087,-0.44346,1.2586,-0.42314
2,1.7273,-0.32035,-0.16427,-3.2587,0.068033,-0.14137,0.38099,-0.30805,-0.18403,0.1704
2,1.2906,-0.38567,0.081267,0.26643,-0.87138,-0.35446,0.69167,-0.093265,1.3467,0.95611
2,2.4413,-0.21869,-0.037711,-0.91088,-0.69913,-0.23369,-0.29501,-0.11988,1.0038,1.8429
2,1.4321,-0.42159,0.029824,-0.96626,0.22737,-0.36511,0.32266,-0.36526,1.0091,0.2914
2,2.1422,-0.38576,-0.12683,0.95611,-0.49103,0.1078,0.84864,-0.32646,1.6599,-0.15503
2,-0.72881,-0.26522,-0.065845,-3.9024,0.60078,-0.28843,-0.024239,0.0055983,-0.61984,-0.62985
2,-0.10609,-0.2355,0.065513,-1.8072,1.4089,0.58955,0.3282,-0.25956,0.067951,0.036803
2,1.2853,-0.36298,-0.21685,-2.0553,0.12836,-0.18498,0.0013944,-0.30223,-0.5967,0.41613
2,2.6532,-0.41085,-0.20527,-0.52943,0.0887,0.23717,0.30049,-0.38772,0.95415,0.075922
2,1.5011,-0.012634,0.13254,0.71443,-0.17773,-0.3089,0.976,-0.10066,-0.29274,0.11048
2,-1.7354,0.22442,0.65251,-2.3689,0.2178,0.24409,0.13329,-0.24168,-1.3332,0.95421
2,1.3832,-0.36226,-0.35866,-2.0866,-0.30789,0.30162,0.8571,-0.58286,0.055048,-0.26045
2,0.64771,-0.32381,-0.01327,-2.7582,-0.083077,0.30218,0.13807,-0.24623,1.2949,0.14925
2,0.040085,-0.37104,-0.20552,-2.5837,0.67492,0.067575,0.25407,-0.29085,1.3536,-0.099883
2,1.54,-0.53572,-0.078753,1.0306,-0.3635,-0.44589,-0.023343,-0.21575,1.0933,0.9832
2,1.1722,-0.23926,0.057102,-0.66766,-0.046952,-0.4741,0.42384,-0.0084753,0.35888,-0.46145
2,0.0051344,0.055402,-0.13644,-1.8545,0.11819,-0.43472,-0.30473,-0.087331,-0.13625,0.58655
2,0.13001,-0.43866,-0.23828,-1.6588,0.044332,-0.44042,0.19214,-0.31063,-0.34849,-0.17483
2,1.3665,-0.18697,-0.091466,-1.2418,0.61883,-0.5577,0.99126,-0.30271,-1.0658,-0.35172
2,-0.22797,-0.051554,-0.043447,-4.8022,-0.25209,-0.54023,-0.21918,-0.13834,0.93387,1.5227
2,1.2339,-0.33474,-0.1816,-1.8011,0.40173,-0.082063,1.2729,-0.24004,-0.83124,0.36651
2,0.20226,-0.55144,-0.0654,-2.2911,0.3576,-0.1434,0.12171,-0.11143,2.2954,-0.52503
2,-0.073525,-0.13966,0.026893,-2.5074,-0.69632,-0.011749,0.096989,-0.19054,2.0477,0.72246
2,-0.33832,-0.22648,-0.25674,-1.3268,-0.43862,-0.58281,-0.32856,-0.10441,1.8934,1.4349
2,0.77472,-0.60084,-0.11645,1.6105,2.1425,0.54636,-0.31841,-0.34893,-1.5003,-0.56096
2,1.5179,-0.66599,-0.2506,0.054693,-0.15331,-0.079172,-0.034078,-0.28356,0.54695,0.1581
2,1.4291,-0.14118,-0.0098392,-2.3258,-0.51715,-0.063917,0.38372,-0.24919,2.3221,3.3126
2,1.1371,-0.2068,0.019787,-0.060249,-0.24864,-0.055358,0.48666,-0.27507,1.9501,0.054422
2,0.4622,-0.25626,-0.15127,-2.031,-0.62298,0.45132,-0.53968,-0.20589,1.1188,0.12717
2,1.4816,0.19103,-0.0079229,0.2328,-0.1601,0.017912,0.66928,-0.0036391,0.69043,0.51514
2,0.0063644,0.065837,-0.060076,-1.2595,0.30809,-0.51297,-0.14662,-0.18609,0.073399,0.17925
2,2.5556,-0.26945,-0.014478,-0.77568,-0.037293,0.08698,0.82658,-0.16647,1.8133,-0.3452
2,1.8553,-0.70592,-0.35903,-0.8215,0.26819,0.48606,0.18734,-0.3005,1.8471,0.16002
2,0.14274,-0.13548,-0.075335,-4.1204,0.14984,0.27245,0.20565,-0.21453,0.77975,0.72263
2,1.118,-0.18442,-0.0081707,-1.2723,0.12356,0.36415,0.26806,-0.20679,0.15227,0.26196
2,1.4691,-0.18077,-0.048053,-0.10939,-0.35508,0.19953,-0.037616,0.0037592,1.4992,1.9854
2,0.54068,-0.31748,0.018408,-2.4756,-0.065644,-0.23995,0.47231,-0.078759,-0.37206,0.17193
2,0.37775,-0.25064,-0.033428,-2.7689,0.039746,-0.50587,-0.5006,-0.071686,-0.18944,-0.22644
2,-0.43279,-0.24043,-0.15178,-2.1839,-0.10228,-0.24031,0.61627,-0.14822,-0.09028,0.88959
2,1.6323,-0.26075,-0.21793,0.49546,-0.64159,-0.41361,0.19261,-0.061062,1.8443,0.44826
2,0.48159,-0.2692,-0.16317,-0.46608,-0.056515,0.48101,0.48128,-0.33225,0.62021,0.093309
2,1.3714,-0.43824,-0.064422,-1.0888,-0.22878,-0.23965,0.31874,-0.20501,0.58355,-0.64519
2,1.0258,-0.41554,5.66E-06,-0.16695,-1.1627,-0.72136,0.69136,-0.24543,0.63297,0.81947
2,1.0867,-0.41222,-0.030741,1.5368,-0.45915,-0.098519,-0.34447,-0.20542,0.7797,0.45759
2,1.6226,-0.318,-0.011134,-1.2623,-0.023993,-0.30821,0.16766,-0.27135,1.8473,0.54451
2,2.0651,-0.3187,-0.12693,-2.5396,-0.50795,0.69615,-0.074176,-0.21927,1.2249,-0.44995
2,-0.37044,-0.53128,-0.16698,-1.2684,0.52949,-0.50088,0.18252,-0.30048,1.6597,-0.65835
2,2.1655,-0.89841,-0.54432,0.40045,-0.83759,0.2333,1.3747,-0.58348,2.6677,0.15364
2,0.1098,-0.26602,-0.054125,-0.99272,-0.49164,0.08915,-0.41668,-0.42068,1.577,0.60348
2,0.24785,-0.078835,0.78408,-2.1282,0.42545,0.20926,0.11187,-0.37929,-1.1699,0.012633
2,0.59525,-0.36042,-0.19674,-2.5425,0.89347,-0.49386,0.63234,-0.19699,1.0429,1.3047
2,0.59191,-0.54763,-0.13926,-1.5612,-0.094929,0.38399,0.36915,-0.30436,0.86637,0.43583
2,2.0068,-0.42977,-0.082224,2.5679,-0.5762,0.68853,0.71257,-0.25644,2.6804,1.4529
2,1.7687,-0.32413,-0.16886,-0.47267,-0.46304,0.33647,0.48108,-0.33529,1.1298,1.799
2,1.8925,-0.5454,-0.17472,0.41428,-1.409,0.57446,0.82343,-0.43952,2.8172,1.0483
2,-0.012429,-0.017936,0.22246,-0.87134,0.18621,-0.2536,-1.179,-0.24679,2.7003,0.34655
2,-0.10767,-0.24478,-0.010889,0.11323,-0.54445,0.4239,-0.58855,-0.21407,-0.97336,1.055
2,0.7243,-0.30041,-0.19655,-1.8536,-0.22268,-0.33103,0.075048,-0.1783,2.2253,0.25165
2,0.74185,0.25455,0.88597,-1.0187,-0.091784,0.26992,0.74173,-0.16322,1.6582,-0.10514
2,2.1517,-0.16578,-0.16283,0.28083,-0.25739,-0.17611,0.14621,-0.3322,2.0609,1.1694
2,1.9343,-0.4514,-0.16981,0.24705,-0.16462,-0.12004,0.52034,-0.27543,3.0529,0.39558
2,0.77377,-0.25197,-0.25586,1.3163,-0.2146,0.58265,0.3195,-0.30311,1.6308,-0.42436
2,-0.1722,-0.20788,-0.073588,-1.6917,0.048794,-0.34603,0.2051,-0.15239,0.99522,0.26466
2,1.1032,-0.4118,-0.42968,-0.07817,-0.2624,0.63344,0.91402,-0.47822,1.532,-0.19473
2,0.21822,-0.45175,-0.16365,-2.9549,-0.2955,0.0085664,0.1649,-0.25617,-0.44554,-0.37271
2,-0.29818,-0.39791,-0.14072,-2.5921,-0.35967,-0.27643,0.29758,-0.21538,0.39005,-0.34042
2,1.5703,-0.45599,-0.13237,2.1419,0.055493,-0.40401,0.43908,-0.29754,-0.005966,1.2309
2,-0.55797,-0.59819,-0.15609,-2.7504,-0.52909,-0.38519,-0.24721,0.015157,0.013122,-0.50008
2,-0.47754,-0.14753,-0.10407,-2.8231,0.24078,-0.43604,-0.22676,-0.18531,-0.035925,-0.10024
2,0.89592,-0.018214,0.031273,-0.41064,-0.17898,-0.20677,-0.25181,0.013961,-0.047764,0.53711
2,0.76781,-0.37994,-0.091259,-1.0088,-0.069533,0.10575,0.2168,-0.31456,0.82883,0.024534
2,2.1848,-0.36829,-0.010832,-0.85869,0.2054,-0.078014,1.0087,-0.21814,1.1543,0.99986
2,0.27082,0.40703,-0.32167,-1.8383,0.70094,-0.1752,-0.099267,-0.36253,-0.6713,1.0831
2,1.1598,-0.30574,-0.41276,-0.047019,0.046763,-0.30071,0.59995,-0.46316,1.1365,-0.47043
2,0.32477,-0.017856,0.59642,-1.6032,-0.38458,-0.60514,0.75926,-0.2297,-1.7044,0.58975
2,-0.96172,-0.51614,-0.14732,-1.6157,0.21009,0.13943,-0.037305,-0.22698,1.1994,-0.083267
2,0.48566,-0.28476,-0.18649,-1.1012,-0.22227,0.28082,0.37438,-0.31316,0.55771,0.90399
2,0.85406,-0.22772,-0.042048,0.70213,1.0241,-0.69771,1.2289,-0.28716,0.12366,2.4248
2,-0.54897,-0.23226,-0.0031706,1.4712,-0.34222,-0.24395,0.22481,-0.32957,1.4365,0.45756
2,1.4567,-0.49551,-0.12681,1.0851,-0.71423,-0.091503,0.21853,-0.36696,2.8711,0.34222
2,-0.066726,-0.28456,-0.10556,-1.2067,-0.43792,-0.35243,0.058301,-0.22679,0.59054,0.31331
2,0.22829,-0.17681,-0.06711,-1.5318,-0.30248,-0.29056,0.37026,-0.20201,1.5931,-0.70747
2,0.32433,-0.15102,-0.068983,-0.097101,0.5827,0.22934,0.38774,-0.16962,-0.23095,0.18178
2,0.083242,0.10297,0.17478,-2.4111,0.2099,-0.70903,0.37834,-0.12844,-1.0384,0.26075
2,0.10807,-0.49107,0.23497,-1.0921,-0.34618,0.18925,0.092595,-0.18648,3.7442,0.24813
2,0.66761,-0.50973,-0.29222,-1.4049,-0.34201,0.32466,-0.034238,-0.539,1.158,0.8911
2,2.538,-0.26839,-0.14163,1.3835,-0.66908,-0.05857,0.078606,-0.26369,2.0162,0.49042
2,0.63066,-0.42909,-0.32671,-0.0045528,1.7987,0.64355,-0.22192,-0.29796,-0.40622,0.7823
2,1.548,-0.21696,0.20852,-1,1.0061,0.45809,-0.27007,-0.3497,-0.048938,0.72631
2,0.86024,-0.35943,-0.26597,-2.5712,-0.62621,-0.23929,0.19125,-0.203,1.5883,-0.33215
2,1.7644,-0.62694,-0.39458,-0.87704,-0.27625,0.56683,0.73935,-0.32882,1.6952,0.59392
2,0.88587,-0.27338,0.0032022,-1.0798,-0.32329,0.15084,-0.47568,-0.172,0.61642,0.74158
2,1.9791,-0.030945,0.1108,2.312,-0.65778,0.99723,0.48736,-0.18979,0.27851,0.33021
2,0.0028398,-0.061727,0.11145,-1.9181,0.15137,-0.39462,0.55193,-0.15517,1.0492,-0.16875
2,2.6683,-0.017399,-0.14675,1.781,-0.64058,0.41525,0.48318,-0.070605,2.1312,1.9985
2,0.0094205,-0.28045,0.0061422,-1.7336,0.6436,-0.50144,0.83708,-0.05686,-1.4664,-0.41191
2,0.94468,-0.33443,-0.15298,-0.68152,-0.52094,0.30549,0.10754,-0.31416,-0.69479,-0.1172
2,-0.53819,-0.2657,-0.14649,-5.4479,0.17057,-0.78011,-0.14663,-0.18133,-0.13382,-1.1552
2,1.0106,-0.49091,-0.11978,-1.5783,-0.38399,0.70188,0.057262,-0.31792,0.91692,0.26922
2,1.3607,-0.39638,-0.3035,1.1484,-0.39687,0.41344,1.0726,-0.39316,1.6667,0.81181
2,3.8901,-0.48761,-0.18796,-1.2496,-0.66152,0.65467,0.17796,-0.46643,1.7869,0.23225
2,0.0058871,-0.5636,0.063455,0.95766,0.44482,-0.44361,-0.26583,-0.0092685,1.9561,0.81868
2,0.14577,-0.4966,-0.3273,-2.9088,-0.046655,-0.31403,0.18927,-0.21484,-0.42653,-0.31283
2,2.2534,-0.51241,-0.24648,-0.6559,-0.58469,-0.051778,0.10564,-0.47261,-0.75616,-0.50978
2,1.7647,-0.43846,-0.33073,-0.9721,-0.77926,-0.10851,-0.45095,-0.26205,2.3415,0.69555
2,1.3909,-0.043768,-0.18409,1.3768,-1.0613,-0.47358,1.2765,-0.21164,1.6218,0.063431
2,2.1315,-0.23977,0.0091384,0.10912,0.13071,-0.2248,0.48505,-0.10361,-1.3095,0.25636
2,-0.34163,-0.1969,-0.038687,-2.9084,-0.25422,-0.48717,0.011984,-0.021989,-0.59877,-0.29398
2,2.481,-0.50464,-0.12009,1.6918,-0.57972,0.43424,0.3439,-0.40434,2.8724,0.29265
2,1.8878,-0.37801,-0.60253,1.0382,-0.33012,-0.37689,1.3463,-0.63405,2.4096,1.5451
2,0.59018,-0.57081,-0.11924,-2.6726,-0.3221,-0.11185,0.83543,-0.26636,-1.3367,0.032841
2,0.16982,-0.19126,-0.10261,1.099,-0.68644,0.36375,-0.074129,-0.21869,1.4581,0.25425
2,1.707,-0.42437,-0.28215,-1.3458,-0.41966,0.32488,0.47446,-0.35216,1.2402,0.095096
2,1.0019,-0.35479,-0.2756,-1.2564,0.014266,-0.36143,0.77006,-0.31303,-0.5111,0.21252
2,1.5001,-0.31466,-0.13149,-1.4527,-0.57445,0.29085,-0.17289,-0.18487,2.0072,0.59166
2,1.6636,-0.15506,-0.15252,0.50622,0.36961,0.78143,0.21524,-0.20726,0.77206,-0.35171
2,1.1494,-0.53545,-0.19456,0.45332,-0.9717,-0.38439,0.3043,-0.43788,2.8242,0.8914
2,0.71527,-0.42349,-0.17733,-1.0051,0.19781,-0.16535,0.23564,-0.2615,0.26557,1.106
2,0.42426,-0.25628,0.019368,0.78515,-0.71562,-0.2693,0.60274,-0.23916,1.2376,0.048312
2,0.79219,-0.473,-0.080581,-1.7684,0.025742,0.27284,0.60951,-0.2236,-0.85696,-0.32932
2,1.4363,-0.49339,-0.19958,-0.32231,-0.56518,0.27393,0.57482,-0.36978,2.2247,-0.050614
2,0.78547,-0.49083,-0.068623,-0.62814,-0.75963,0.54762,-0.65437,-0.25119,0.48665,-0.22186
2,1.9582,-0.44997,-0.075093,-0.67019,0.24195,-0.2056,-0.097754,-0.29582,2.7926,0.08748
2,1.8779,-0.31843,-0.028568,-0.42749,1.4246,-0.41478,0.14466,0.027838,-0.27213,0.76805
2,1.1641,-0.38678,-0.13191,1.2652,2.108,0.14115,0.24997,-0.36444,0.34658,0.85099
2,3.1,-0.63593,-0.004187,-0.029379,-0.75058,0.3445,-0.188,-0.29692,2.6362,0.47962
2,1.442,-0.3063,-0.12583,2.7227,-0.53487,2.6222,0.18316,-0.36641,-0.52257,1.735
2,3.3372,-0.42445,-0.39864,-1.7259,-0.5111,0.3087,-0.16334,-0.29034,1.0066,1.3313
2,0.047008,-0.43551,-0.21504,-1.7624,-0.03511,-0.27373,0.43244,-0.26146,-1.2069,-0.16746
2,2.4286,0.23394,0.1573,1.7745,0.022807,-0.47016,1.3738,-0.34855,0.9936,0.97389
2,0.91214,-0.078215,0.077032,-2.2578,1.8005,0.4438,-0.045691,-0.33052,0.4951,-0.11584
2,-0.02696,-0.23176,0.035961,-2.1254,-0.12671,-0.20321,-0.4388,-0.066432,0.59388,0.27083
2,1.1486,-0.39466,-0.2815,-2.5759,-0.83706,0.074293,-0.10007,-0.19848,2.9697,0.004945
2,1.3209,-0.11001,-0.15312,-3.775,-0.69753,-0.22141,-0.30676,-0.079321,1.5916,2.379
2,-0.1413,-0.42477,-0.05603,-0.22763,-0.60261,0.51782,0.13676,-0.21445,1.0292,-0.31499
2,0.33558,-0.1937,-0.078307,-3.2358,0.95811,-0.081323,0.039516,-0.17166,-0.20329,-0.4405
2,2.6713,-0.4495,-0.052238,-1.3922,-0.99831,0.37408,0.18702,-0.37428,0.6176,0.35268
2,0.17367,-0.025795,0.056623,-2.1848,-0.58301,-0.33755,-0.61241,0.01564,1.0512,1.2596
2,1.6658,-0.39148,-0.14617,2.265,-0.79404,0.093417,1.4189,-0.3518,2.3863,-0.020192
2,1.8075,-0.03128,-0.0080972,-2.0396,0.71892,0.30323,-0.27186,-0.12194,0.049767,0.16467
2,0.63102,0.075225,-0.1834,-0.93997,-0.79456,0.61337,0.32529,-0.30487,1.6216,1.744
2,0.80449,-0.36709,0.032886,-1.2791,0.049386,-0.47417,0.67629,-0.21912,0.57425,0.11049
2,0.91062,-0.38795,0.04117,1.8717,1.276,0.97187,0.26032,-0.21681,0.79109,0.35292
2,1.3251,-0.20354,-0.099669,-1.5615,-0.039162,0.37701,0.14853,-0.24174,-0.28867,0.42864
2,0.77189,-0.49349,0.027385,1.1943,-0.020331,-0.80844,0.5186,-0.20212,0.52383,0.53455
2,-0.090909,-0.080486,-0.136,-2.6126,0.60568,-0.48518,0.22855,-0.14957,0.080489,-0.56255
2,1.5887,0.10566,0.38085,-0.22262,0.032171,0.44309,-1.4009,-0.21021,-0.98375,0.21236
2,0.66333,-0.35884,-0.15475,-1.4726,-0.80276,0.52644,0.40323,-0.20238,0.5796,-0.034786
2,0.70411,-0.12162,-0.027706,-2.2237,-0.48733,-0.26897,-0.082,0.008079,-0.53517,0.59874
2,-0.36057,-0.16071,-0.25372,-2.0986,0.60296,-0.12627,-0.22185,-0.13127,-0.51178,-0.52969
2,1.3577,-0.39654,0.3911,-0.14191,-0.71435,0.39757,-0.33866,-0.37088,2.1312,-0.27603
2,0.58184,-0.11706,-0.040387,-1.8297,-0.47601,-0.15513,0.18212,-0.17545,0.40257,0.51043
2,1.0722,-0.30835,-0.18681,1.7233,-0.38915,0.68754,0.32045,-0.35923,1.9825,0.25036
2,-0.38,-0.39674,0.18236,-2.6408,0.81213,-0.14249,0.61386,-0.19263,1.358,-0.79295
2,1.2889,-0.5378,0.088141,1.9269,-0.20343,1.441,-0.26548,-0.37308,3.4022,0.55363
2,0.6901,-0.55185,-0.27786,-1.9856,0.47089,0.13462,-0.67637,-0.40261,0.32098,0.12468
2,-0.38763,-0.56463,-0.059507,-0.47061,0.65454,-0.70883,0.93634,-0.32198,0.094627,0.20058
2,2.1435,-0.41415,-0.14916,-1.3334,0.018837,0.32019,-0.067112,-0.24537,1.3252,-0.067384
2,0.35606,-0.37863,-0.1815,-2.8082,0.51041,-0.47236,0.14629,-0.20103,0.36207,-0.32883
2,1.0539,-0.46571,-0.057358,0.78015,0.052487,0.20346,1.0917,-0.15924,1.7001,1.5221
2,-0.45294,0.037928,-0.24853,-1.8831,-0.045793,-0.32608,0.40902,-0.1194,0.37658,-0.46287
2,1.6329,-0.4849,-0.15603,-1.3351,-0.66553,-0.50542,0.12305,-0.28082,2.5352,0.17724
2,-0.81309,-0.509,0.63562,-1.4695,-0.41604,0.083816,1.2632,-0.32591,-0.32978,-0.38084
2,1.0428,-0.35359,-0.067496,0.95694,-0.33056,0.4154,-0.024657,-0.029975,0.47786,0.43053
2,1.3854,-0.42166,-0.13498,-0.30359,-0.1336,-0.035577,0.82508,-0.28944,-1.0508,0.43856
2,0.48073,-0.34673,-0.17202,-1.106,0.41611,-0.0097023,-0.37506,-0.33305,2.0708,-0.21281
2,-0.84081,-0.24918,0.22487,-1.9279,1.2056,-0.51624,-0.063655,-0.15328,-1.2588,-0.28481
2,2.4169,-0.22526,-0.22589,2.3042,-0.50033,0.2909,0.059969,-0.27035,2.1067,0.90926
2,0.74884,-0.014005,0.20078,-4.0166,-0.038752,0.1847,-0.25904,-0.056042,0.47017,0.48118
2,-0.72062,-0.43047,0.14897,-0.46241,0.2557,-0.69775,0.12203,-0.044441,-1.0834,-0.2214
2,-0.15579,-0.35821,-0.14025,-2.1275,-0.07207,0.33642,-0.13248,-0.11103,-0.95993,0.37225
2,1.8182,-0.73994,-0.13098,-1.0806,0.011215,0.025505,1.6984,-0.38734,-0.18104,-0.15946
2,1.0144,-0.39072,-0.079785,-1.1561,-0.010578,-0.28943,0.51192,-0.11698,0.1399,0.12838
2,-0.69294,-0.41465,0.18252,-1.5706,0.72678,0.21889,0.27657,-0.22018,-0.09518,-0.097989
2,0.44948,-0.16995,-0.16607,-2.0116,-0.40717,0.11992,1.0765,-0.44627,0.75366,0.30302
2,1.8863,-0.35552,-0.053101,-0.9625,-0.45264,-0.22089,-0.014105,-0.34508,2.3779,-0.17702
2,0.8276,-0.34499,0.018944,-2.142,-0.23152,0.19251,0.14054,-0.3547,-0.75177,1.6184
2,1.6429,-0.48365,-0.28039,-1.1318,-0.2106,0.46426,0.66533,-0.45495,1.6125,0.042147
2,0.17367,-0.24035,0.00058038,-2.0119,-0.32211,0.18006,0.13125,-0.31397,0.93455,-0.027265
2,-0.21208,-0.097686,-0.19993,-2.6837,0.46173,-0.88407,0.57698,-0.064821,-0.38922,-0.77324
2,0.81562,-0.38472,-0.014282,-2.569,-0.2347,0.32046,-0.45937,-0.23135,1.2517,-0.18777
2,0.24066,0.013761,-0.087682,-2.4699,0.047211,-0.50026,0.050705,-0.045221,0.0011052,-0.32097
2,0.80058,-0.48434,0.0077939,0.93037,0.46926,0.19205,0.22331,-0.33505,1.5782,0.90214
2,0.31498,-0.66685,-0.22323,-1.7533,0.30996,-0.48718,0.66844,-0.41181,1.7683,0.38151
2,0.096478,-0.1914,0.59643,-0.29954,1.0248,-0.26187,-0.47908,-0.23306,-1.616,0.14591
2,2.6576,-0.41682,-0.3119,0.73224,0.62889,0.21398,1.0154,-0.29448,1.9115,0.29179
2,1.4567,-0.47393,-0.12848,-1.9994,-0.51569,-0.43519,0.34641,-0.17325,1.7903,-0.36086
2,1.2579,0.084038,0.38706,0.56591,-0.88475,-0.43141,1.0852,-0.22917,-0.83718,-0.3037
2,0.99344,-0.38902,-0.25466,1.7451,-0.92575,-0.34231,0.70044,-0.31624,1.7737,0.33506
2,0.75349,-0.041951,0.34904,-1.5122,0.10952,-0.1571,0.26287,0.14807,-0.85187,-0.16817
2,1.7563,-0.28236,-0.3027,-0.88431,-0.47144,0.29909,0.21807,-0.38169,1.702,0.65637
2,0.090985,0.068537,-0.12134,-3.5204,-0.37363,-0.27536,0.02756,-0.10192,0.03561,0.2774
2,2.5082,-0.22117,-0.23732,1.3761,0.4453,-0.081683,0.40367,-0.38421,2.3416,0.16428
2,1.9508,-0.092261,-0.0035082,-0.19058,-0.64774,0.036472,0.23169,-0.0086579,2.7422,0.068607
2,0.45273,-0.40026,-0.068164,-1.0338,0.22859,-0.062242,0.30833,-0.2154,1.466,0.17032
2,1.6715,-0.039286,-0.078095,0.90864,-0.24601,-0.041063,0.24082,-0.2504,1.783,-0.15206
2,1.1521,-0.48814,-0.19149,-1.3966,-0.087156,0.13769,0.82659,-0.29355,1.0302,-0.077683
2,1.214,-0.53773,-0.043636,-1.0535,0.097057,-0.18224,-0.076143,-0.29877,1.7893,-0.26537
2,1.9112,-0.39437,-0.28136,-0.57158,-0.29393,0.04391,0.047025,-0.28071,1.1802,0.15341
2,2.0489,-0.44719,0.081331,0.07235,-0.745,-0.51043,0.2924,-0.11199,3.6927,0.18831
2,1.6474,0.14982,-0.22353,-0.95171,-0.47834,-0.73166,-0.044616,-0.13942,1.5129,-0.37321
2,1.214,-0.62481,-0.21664,-0.83388,0.24702,-0.26057,-0.12088,-0.40916,-0.75149,1.2287
2,1.3168,-0.43864,-0.094827,-0.33978,-0.25472,-0.37746,-0.32531,-0.24392,-0.3407,0.63065
2,0.60916,-0.14464,0.070154,-4.0075,0.36852,-0.46302,-0.03469,-0.043831,0.10367,0.070072
2,0.74785,-0.17626,0.27189,-0.98978,0.35088,0.19095,1.5789,0.095509,-0.81928,-0.32697
2,0.65638,-0.25799,0.012917,-0.71938,0.80834,-0.18862,-0.2834,-0.31111,0.82649,0.41035
2,2.2395,-0.041864,-0.060165,0.11702,0.42347,0.36408,0.054196,-0.11881,0.81263,0.0075153
2,1.4981,-0.46596,-0.25076,1.2257,-0.63828,0.025285,0.38924,-0.32615,-1.2027,0.14307
2,-0.33968,0.061974,-0.041069,-0.93648,-0.2923,-0.18367,-0.044679,-0.089653,-0.29492,0.64639
2,1.142,-0.14869,-0.1366,-0.66766,-0.073142,0.081989,0.47114,-0.25434,2.2996,0.16074
2,2.2323,-0.24029,-0.085344,-0.8598,-0.51838,0.1758,-0.16367,-0.13397,1.5746,0.44298
2,1.0717,-0.32528,-0.024718,-0.12123,-0.52222,0.47295,0.36737,-0.31571,2.0572,0.31758
2,0.62449,-0.20226,-0.085361,-2.2018,0.10395,-0.52303,0.33796,-0.1522,0.39932,-0.14451
2,0.76304,-0.21769,0.053255,-0.54842,-0.097567,-0.49497,0.1305,-0.26454,2.1309,-0.30024
2,2.1712,-0.3914,-0.00064633,0.53807,-0.7319,0.41161,0.22332,-0.22485,1.6529,0.65261
2,2.3369,-0.30732,-0.089785,-0.54878,-0.74091,-0.071893,0.441,-0.17705,1.8407,-0.71848
2,2.0503,-0.64039,-0.31283,0.029989,-0.85118,0.34685,0.69844,-0.45855,1.6822,0.91277
2,0.99256,-0.090587,0.24929,2.318,-0.75335,-0.68243,1.4001,-0.2623,-0.20403,0.41007
2,-0.94827,0.0055631,0.33947,-4.6043,0.51535,0.20983,-0.42067,-0.036796,0.059809,-1.0888
2,0.69433,-0.054523,0.031749,-0.46665,-0.36261,0.43045,0.35796,-0.39838,2.3905,0.49567
2,2.342,-0.12245,-0.23409,2.5509,-0.32004,-0.13279,0.82945,-0.29251,1.836,1.8744
2,-0.0584,-0.13951,-0.019773,-1.8369,-0.68684,-0.12991,0.39241,-0.17152,0.16693,-0.083009
2,-0.02055,-0.061306,-0.15432,-2.7255,-0.065615,-0.43097,-0.46755,-0.032916,0.73595,-0.56947
2,0.31703,-0.16089,-0.11568,-1.6904,-0.44782,0.073863,0.071682,-0.073017,1.2833,-0.40676
2,1.3058,-0.12228,0.11777,-1.7944,-0.23693,0.50019,-0.36863,-0.28633,0.33161,0.12641
2,1.7018,-0.40532,-0.13612,-0.62437,-0.60107,-0.19367,0.40712,-0.25352,1.0051,0.024032
2,0.69022,-0.27602,-0.0071952,-1.0595,0.99494,0.11311,0.26484,-0.25156,0.69713,0.90495
2,0.33981,-0.33125,0.23356,-0.76264,-0.35719,-0.38505,0.39178,-0.16749,1.5498,-0.060186
2,1.055,-0.50629,-0.33268,-0.83494,-0.22605,0.12117,0.14838,-0.30852,-0.35673,0.4234
2,3.2317,-0.37184,-0.17459,-0.92704,-0.25931,0.94249,1.4846,-0.49178,-0.099593,0.7396
2,1.0791,-0.58179,-0.32165,0.67827,-0.68723,1.0584,0.60559,-0.46344,0.96884,0.33918
2,2.2131,-0.28466,-0.16243,0.95767,-0.60523,0.33568,0.37976,-0.20426,2.8271,0.70182
2,0.5725,-0.30092,-0.045997,-2.1254,-0.36334,-0.20204,-0.13018,-0.11063,0.8535,-0.12601
2,0.61655,-0.054023,-0.12645,-0.6643,1.7736,-0.41634,1.1865,-0.21493,-0.72337,0.45591
2,0.56071,-0.5455,-0.078844,-0.84685,0.28271,0.60109,0.72143,-0.44142,0.2279,0.13441
2,0.21309,0.024746,0.0057759,-0.60053,-0.36741,-0.13332,-0.23152,-0.20463,1.3054,0.089058
2,2.0982,-0.28785,-0.00081028,0.11761,-0.71918,-0.13213,0.60747,-0.10137,0.18574,0.023143
2,0.8938,-0.36539,0.2634,-1.5558,1.863,0.32049,0.010204,-0.27332,-1.2312,0.17113
2,1.7135,0.041142,-0.0073612,-0.12505,-0.16382,-0.45262,0.32849,-0.26001,-1.3753,0.69225
2,1.0849,-0.43452,-0.21858,-1.4337,-0.25093,0.28194,0.50032,-0.20375,1.1397,-0.041914
2,0.36244,0.41118,-0.26151,-2.4111,0.58579,0.14743,0.92014,-0.3744,2.1494,1.3635
2,-0.31533,-0.33682,-0.019141,-1.611,0.6153,0.39992,0.20242,-0.18568,-0.83488,-0.40768
2,0.96575,-0.71072,-0.28257,1.6944,-1.2357,0.54316,1.5937,-0.58998,2.133,0.37158
2,-0.28015,-0.28879,-0.13646,-3.6593,0.40344,-0.45445,0.10321,-0.15805,-1.1846,-0.82863
2,1.1421,-0.21082,-0.27878,-1.8989,-0.16376,0.14574,0.46327,-0.36691,0.5773,-0.012265
2,-0.68997,-0.10435,-0.15906,-3.4975,-0.58924,0.077888,-0.21913,-0.11608,1.7896,0.37931
2,-0.8721,0.17213,-0.038246,-1.753,-0.50693,-0.26014,-0.059328,0.056142,-0.40212,0.97882
2,1.6377,-0.069918,0.054066,-1.492,-0.0020758,-0.88331,-0.56029,-0.10797,-0.75464,0.59801
2,-0.15284,-0.21704,-0.17074,-2.6534,-0.010863,-0.56391,0.28619,-0.20113,-1.2695,-0.50622
2,1.5214,-0.30171,-0.10632,0.33573,-0.52931,-0.0035792,0.30814,-0.25158,-0.51397,0.96915
2,1.8561,-0.22516,-0.078917,1.1874,-0.23467,0.57534,0.32404,-0.27022,1.8338,0.46865
2,-1.1774,-0.25044,-0.20784,-3.2103,0.38942,0.084448,-0.1824,-0.025427,-0.04575,-0.45845
2,1.4022,-0.1435,0.073784,-5.2086,0.58938,-0.078611,-0.29703,-0.14134,1.9406,-0.052352
2,0.98947,-0.49969,-0.089149,-2.4396,-0.40425,0.9873,0.080486,-0.32467,-0.68877,0.43066
2,-0.46481,-0.59089,0.10066,0.20375,0.12843,0.5446,0.38481,-0.075383,-0.92496,-0.52775
2,0.80111,-0.55555,-0.18571,-0.38654,0.0048833,0.63534,0.0046608,-0.17138,1.0079,-0.040722
2,2.1157,-0.35244,-0.080743,2.095,-0.058276,-0.02571,0.55494,-0.24322,1.3545,0.86594
2,-0.44921,-0.20097,-0.014249,-0.30008,0.12907,-0.41619,0.75058,-0.13203,-0.51131,0.22616
2,1.6016,0.055093,0.081788,1.6503,-2.6,-0.14669,1.0095,-0.12579,3.0592,0.80176
2,0.73882,-0.40346,-0.25362,-1.7138,-0.28662,-0.33265,0.22544,-0.20921,0.56594,-0.19074
2,1.5256,-0.32697,-0.063427,-2.7249,0.10392,-0.60069,0.2593,-0.076232,-0.060676,-0.28952
2,0.93371,-0.10439,-0.24415,-2.2475,-0.19346,0.050271,0.71746,-0.31831,0.38178,-0.37032
2,1.0775,-0.17007,-0.075556,-1.1615,-0.19389,0.43704,0.40775,-0.31501,0.82691,0.39163
2,2.0944,-0.38682,-0.11788,2.6752,-0.50362,1.2758,0.040492,-0.39211,0.74379,0.16208
2,-0.29316,-0.26508,-0.12835,-3.7792,0.39048,-0.59474,0.14206,-0.19439,0.33363,-0.3868
2,1.0778,-0.29839,-0.080425,2.2332,0.064691,0.77404,-0.056649,-0.24048,-0.50823,0.08714
2,0.5479,-0.56927,-0.13737,2.1236,0.12222,0.3113,0.52159,-0.083338,2.3054,0.87067
